Arabia	place   
Yemen	place   
Lebanon	place   
Rome	place   
Babylon	place   
Persepolis	place   
Greece	place   
Mosque Tauris	place   
Persia	place   
Boghar	place   
Bactria	place   
Pegu	place   
the East	place   
Hirah	place   
Hirah	place   
bowers of Irem	place   
Universe	place   
the_world	place   
The Paradise of Irem	place   
Al_Ahkaf	place   
Hadramaut	place   
garden of Irem	place   
the desarts of Aden	place   
Arabia	place   
province of Hegiaz	place   
province of Hegiaz	place   
Red Hillock	place   
Red_Hillock	place   
the valley of Magaith	place   
the_world	place   
Al_Ahkaf	place   
Al_Ahkaf	place   
the East	place   
Mecca	place   
Mecca	place   
Jerusalem	place   
Mecca	place   
Red Hillock	place   
Egypt	place   
the whole earth	place   
Egypt	place   
the river Nilus	place   
the land Al-Said	place   
Abulfeda	place   
Ægypt	place   
the_world	place   
Bologna	place   
East Indies	place   
Egypt	place   
Ad	place   
Syria	place   
Ormus	place   
Damascus	place   
Irem	place   
the East	place   
Ad	place   
Mecca	place   
Mecca	place   
Red Hillock	place   
Irem	place   
Ad	place   
Ad	place   
Ad	place   
the_world	place   
Ocean	place   
Earth	place   
Ocean	place   
Earth	place   
Ocean	place   
Earth	place   
Araby	place   
Monaco	place   
Caucasus	place   
Ocean	place   
the Abyss	place   
the_world	place   
Arabia	place   
Tchama	place   
Naïd	place   
Arud	place   
Yemen	place   
Hejaz	place   
Arabia	place   
the Tree	place   
Persia	place   
Europe	place   
Persia	place   
Spain	place   
Syria	place   
the_world	place   
Babylon	place   
Bagdad	place   
the_world	place   
the_world	place   
Bagdad	place   
Babylon	place   
Babylon	place   
Bagdad	place   
Yemen	place   
Mecca	place   
Mecca	place   
Bombay	place   
Babylon	place   
Babylon	place   
Babylon	place   
Babylon	place   
the_world	place   
river Aldea	place   
Lisboa	place   
the_world	place   
Babylon	place   
Bagdad	place   
an Oriental city	place   
Aleppo	place   
Ispahan	place   
Paris	place   
Paris	place   
Ispahan	place   
Alexandria	place   
Bagdad	place   
the Tigris	place   
Seleucia	place   
Dar-al-Salam the City of Peace	place   
Bagdad	place   
Bagdad	place   
Haschemia	place   
Mecca	place   
the Temple at Mecca	place   
Mecca	place   
Bagdad	place   
Europe	place   
the East	place   
the East	place   
the West	place   
Persia	place   
Tauris	place   
Asia	place   
Bagdad	place   
Tigris	place   
Arabia	place   
Babylon	place   
Tigris	place   
Babylon	place   
Babylon	place   
Armenia	place   
Tigris	place   
Armenia	place   
Babylon	place   
Bagdad	place   
Bagdad	place   
Adanaqui	place   
Asia Minor	place   
Babylon	place   
Babylon	place   
Euphrates	place   
Judah	place   
Euphrates	place   
Babylon	place   
Babylon	place   
Media	place   
Judah	place   
Media	place   
Temple of Belus	place   
Tower_of_Babel	place   
Tigris	place   
Arabia	place   
Babylon	place   
St. Paul's steeple	place   
London	place   
Euphrates	place   
Tower_of_Babel	place   
Babylon	place   
Babylon	place   
Babylon	place   
Naples	place   
Tower_of_Babel	place   
Assyria	place   
Babylon	place   
Babylon	place   
Sodom	place   
Gomorrah	place   
Euphrates	place   
Persia	place   
Paradise	place   
Paradise	place   
Melistorte	place   
Yle of Pentexoire	place   
Tombs	place   
the Sepulchre	place   
Medina	place   
Namaz	place   
the Meidan, or Great Place of the city of Tauris	place   
city of Tauris	place   
Persia	place   
Meidan	place   
Mylasa	place   
Tombs	place   
Belgrade	place   
Gradisch	place   
Sclavonia	place   
Kisilova	place   
Gradisch	place   
Belgrade	place   
Gradisch	place   
Hungary	place   
Oppida Heidonum	place   
Tibiscus	place   
Teysse	place   
Tokay	place   
Transilvania	place   
Cossova	place   
Frontiers of the Turkish Servia
	place   
Servia	place   
Saave	place   
Vienna	place   
Wirtemberg	place   
Furstemberg	place   
Greece	place   
Mycone	place   
Christendom	place   
Mycone	place   
Syre	place   
Tinos	place   
St. George	place   
Delos	place   
Araby	place   
Tombs	place   
Kaf	place   
the_world	place   
Kaf	place   
Arabia	place   
Earth	place   
Babylon	place   
Earth	place   
the World	place   
Aleppo	place   
England	place   
Norway	place   
Persia	place   
Tartary	place   
Muscovy	place   
India	place   
Ispahan	place   
Egypt	place   
Huquam	place   
Xantung	place   
Huquam	place   
Europe	place   
Xantung	place   
Huquam	place   
China	place   
Dunne	place   
Ulster	place   
Couffah	place   
Molucca Islands	place   
Ararat	place   
mount Ararat	place   
Lubar	place   
Abbey of St. Gregorie's Monks	place   
Arabia	place   
Helicon	place   
Psylli	place   
England	place   
Earth	place   
Ardevil	place   
city of Kom	place   
Earth	place   
Ocean	place   
Mohareb_City	place   
Persia	place   
Ragusa	place   
Constantinople	place   
Constantinople	place   
Christendom	place   
Islands of Barlovento	place   
Brazil	place   
Santa Marta	place   
Peru	place   
Brazil	place   
Isle of Java	place   
East Indies	place   
Java	place   
the world	place   
Ocean-Vault	place   
ocean	place   
the_world	place   
Africa	place   
Africa	place   
Ethiopia	place   
Ethiopia	place   
Ethiopia	place   
Mecca	place   
Egypt	place   
Egypt	place   
the countries of the west	place   
the desert	place   
Bagdad	place   
Bagdad	place   
Bagdad	place   
Bagdad	place   
Bagdad	place   
Turkey	place   
Babylon	place   
in the prophet's antichamber	place   
the_world	place   
the whole expanded universe	place   
polar	place   
polar	place   
polar	place   
polar	place   
polar	place   
bitumen_pit	place   
the terrace of the topmost tower	place   
bitumen_pit	place   
the_world	place   
the_world	place   
the_world	place   
Persia	place   
Spain Portugal	place   
England	place   
India	place   
England	place   
Persia	place   
Spain Portugal	place   
the earth	place   
Mohareb_City	place   
Mohareb_City	place   
Mohareb_City	place   
Mohareb_City	place   
Mohareb_City	place   
Ragusa	place   
the new kingdom	place   
Mohareb_Island	place   
sky	metaplace   
Heaven	metaplace   
Heaven	metaplace   
Heaven	metaplace   
Heaven	metaplace   
Irem_removed	metaplace   
sky	metaplace   
Eden	metaplace   
sky	metaplace   
to_next_world	metaplace   
Tombs	metaplace   
sky	metaplace   
the subterranean palaces of Romance	metaplace   
Eden	metaplace   
Eden	metaplace   
Eden	metaplace   
Irem_removed	metaplace   
Of Paradise	metaplace   
Eden	metaplace   
Eden	metaplace   
sky	metaplace   
Heaven	metaplace   
Irem_removed	metaplace   
Irem_removed	metaplace   
Irem_removed	metaplace   
Irem_removed	metaplace   
Hell	metaplace   
Domdaniel_Cave	metaplace   
Domdaniel_Cave	metaplace   
Under the Roots of the Ocean,	metaplace   
Domdaniel_Cave	metaplace   
impenetrable_cloud	metaplace   
Irem_removed	metaplace   
sky	metaplace   
Heaven	metaplace   
Irem_removed	metaplace   
Allah's glory throne	metaplace   
Irem_removed	metaplace   
Eden	metaplace   
the throne of God	metaplace   
Hell	metaplace   
Heaven	metaplace   
Subterranean_Flames	metaplace   
the inner den	metaplace   
Subterranean_Flames	metaplace   
Of regions far remote	metaplace   
the planet Venus	metaplace   
what passes in distant countries	metaplace   
Domdaniel_Cave	metaplace   
sky	metaplace   
a nation of one legged men	metaplace   
sky	metaplace   
the viewless Element	metaplace   
air_transport	metaplace   
another world	metaplace   
Heaven	metaplace   
Mahumetical Paradise	metaplace   
walled_mountain_Paradise	metaplace   
Tombs	metaplace   
Tombs	metaplace   
Tombs	metaplace   
Tombs	metaplace   
Greek_Tombs	metaplace   
Tombs	metaplace   
Tombs	metaplace   
Tombs	metaplace   
Tombs	metaplace   
Tombs	metaplace   
Tombs	metaplace   
Tombs	metaplace   
Vampire	metaplace   
Vampire	metaplace   
Heaven	metaplace   
Heaven	metaplace   
Heaven	metaplace   
sky	metaplace   
Domdaniel_Cave	metaplace   
Domdaniel_Cave	metaplace   
Mohareb_Island	metaplace   
Mohareb_Island	metaplace   
Mohareb_Island	metaplace   
Heaven	metaplace   
Domdaniel_Cave	metaplace   
their final seat	metaplace   
Of bliss, or bale	metaplace   
in the sepulchre	metaplace   
in central fires	metaplace   
the Sun and Moon and Stars	metaplace   
Heaven	metaplace   
Heaven	metaplace   
Heaven	metaplace   
Heaven	metaplace   
Hell	metaplace   
burning_grave	metaplace   
Hell	metaplace   
Ark_transport	metaplace   
blessed Sun	metaplace   
sky	metaplace   
sky	metaplace   
Khawla_breath	metaplace   
Khawla_breath	metaplace   
Khawla_breath	metaplace   
Khawla_breath	metaplace   
Khawla_breath	metaplace   
Tombs	metaplace   
Tombs	metaplace   
Tombs	metaplace   
to_next_world	metaplace   
Tombs	metaplace   
Tombs	metaplace   
sky	metaplace   
sky	metaplace   
sky	metaplace   
Tombs	metaplace   
Tombs	metaplace   
Tombs	metaplace   
Universe	metaplace   
Universe	metaplace   
air_transport	metaplace   
air_transport	metaplace   
Paradise	metaplace   
Mohareb_prison	metaplace   
Mohareb_island	metaplace   
Heaven	metaplace   
air_transport	metaplace   
The Upas Tree of Death	metaplace   
Al-Araf	metaplace   
Al-Araf	metaplace   
Paradise	metaplace   
Hell	metaplace   
Purgatory	metaplace   
Al-Araf	metaplace   
Heaven	metaplace   
Heaven	metaplace   
Domdaniel_Cave	metaplace   
Paradise	metaplace   
Paradise	metaplace   
Paradise	metaplace   
